{
    "ImpulseFactor_1_1": {
        "R2": 0.9999488279958896,
        "mse": 2.3954060339441615e-06,
        "rmse": 0.0015477099321074869,
        "mae": 0.0014306068834826627,
        "mape": 0.028276969937592614
    },
    "ImpulseFactor_1_2": {
        "R2": 0.9998929654354571,
        "mse": 1.058004172205727e-05,
        "rmse": 0.0032526976069191045,
        "mae": 0.002529363041257999,
        "mape": 9750515480.028667
    },
    "ImpulseFactor_1_3": {
        "R2": 0.9999398264755923,
        "mse": 3.914566810475044e-06,
        "rmse": 0.001978526424002228,
        "mae": 0.0016529194790921276,
        "mape": 0.005636479759999137
    },
    "ImpulseFactor_1_4": {
        "R2": 0.9996306835046365,
        "mse": 1.570899634766068e-05,
        "rmse": 0.003963457625314124,
        "mae": 0.0021940087662689228,
        "mape": 3623372959.835663
    },
    "ImpulseFactor_1_5": {
        "R2": 0.9999536018337737,
        "mse": 3.4543308725544943e-06,
        "rmse": 0.0018585830281573363,
        "mae": 0.0015801546233913785,
        "mape": 961990579.269631
    },
    "ImpulseFactor_1_6": {
        "R2": 0.9999601933151314,
        "mse": 3.718959766694367e-06,
        "rmse": 0.0019284604654216707,
        "mae": 0.001587799258193822,
        "mape": 1536339744.9390817
    },
    "ImpulseFactor_1_7": {
        "R2": 0.9999387503340826,
        "mse": 5.324021197201933e-06,
        "rmse": 0.002307384059319543,
        "mae": 0.0017892595421730333,
        "mape": 2880431959.574815
    },
    "ImpulseFactor_2_1": {
        "R2": 0.9995947961182007,
        "mse": 1.7176035519895865e-05,
        "rmse": 0.004144398088974545,
        "mae": 0.0025528152913642413,
        "mape": 5363884511.799129
    },
    "ImpulseFactor_2_2": {
        "R2": 0.9994134013177254,
        "mse": 1.7687247141697212e-05,
        "rmse": 0.004205620898475897,
        "mae": 0.00280603859994625,
        "mape": 9411441125.308966
    },
    "ImpulseFactor_2_3": {
        "R2": 0.9999230332768272,
        "mse": 8.084330266151515e-06,
        "rmse": 0.0028432956698436263,
        "mae": 0.0021405680414245164,
        "mape": 0.026171498273493132
    },
    "ImpulseFactor_2_4": {
        "R2": 0.9989769084618563,
        "mse": 0.00010624171885879844,
        "rmse": 0.01030736236186535,
        "mae": 0.006450915198358805,
        "mape": 0.019387486526622193
    },
    "ImpulseFactor_2_5": {
        "R2": 0.9999458777619021,
        "mse": 4.790116884973124e-06,
        "rmse": 0.0021886335657147187,
        "mae": 0.0017969189629173821,
        "mape": 3045028963.0952544
    },
    "ImpulseFactor_2_6": {
        "R2": 0.9990334040702598,
        "mse": 9.399751325750045e-05,
        "rmse": 0.009695231470032083,
        "mae": 0.00633586592340028,
        "mape": 13103800015.564957
    },
    "ImpulseFactor_2_7": {
        "R2": 0.07237368830043511,
        "mse": 0.011022230190130931,
        "rmse": 0.10498680960068713,
        "mae": 0.053563108110819664,
        "mape": 11193378638357.914
    },
    "ImpulseFactor_3_1": {
        "R2": 0.9970695872257134,
        "mse": 0.00010507609210395084,
        "rmse": 0.010250663008018107,
        "mae": 0.004849334666603171,
        "mape": 1318024733.4508193
    },
    "ImpulseFactor_3_2": {
        "R2": 0.9999057421726345,
        "mse": 4.209743658275441e-06,
        "rmse": 0.002051765985261341,
        "mae": 0.0016261866835165075,
        "mape": 5180782646.197599
    },
    "ImpulseFactor_3_3": {
        "R2": 0.993548919327061,
        "mse": 0.0005079867752983758,
        "rmse": 0.02253856196163313,
        "mae": 0.01480490397617399,
        "mape": 220749720852.11078
    }
}