{
    "ImpulseFactor_1_1": {
        "R2": 0.9997677176771548,
        "mse": 1.0873337626591773e-05,
        "rmse": 0.003297474431529648,
        "mae": 0.002381836619514172,
        "mape": 0.15074221446231156
    },
    "ImpulseFactor_1_2": {
        "R2": 0.9996164011243656,
        "mse": 3.7917584156868835e-05,
        "rmse": 0.006157725566868731,
        "mae": 0.004653394099449566,
        "mape": 62310466275.022606
    },
    "ImpulseFactor_1_3": {
        "R2": 0.9998066418034317,
        "mse": 1.2578847363024627e-05,
        "rmse": 0.0035466670781206158,
        "mae": 0.0025340509861152497,
        "mape": 0.011362647446588063
    },
    "ImpulseFactor_1_4": {
        "R2": 0.9980371381637982,
        "mse": 8.34909618253095e-05,
        "rmse": 0.009137338880949393,
        "mae": 0.004433705857341089,
        "mape": 27401384314.054592
    },
    "ImpulseFactor_1_5": {
        "R2": 0.9998309913330528,
        "mse": 1.2582649346892226e-05,
        "rmse": 0.0035472030315295213,
        "mae": 0.002612670915060238,
        "mape": 14978451721.10278
    },
    "ImpulseFactor_1_6": {
        "R2": 0.9997645137265773,
        "mse": 2.200042478693621e-05,
        "rmse": 0.0046904610420443965,
        "mae": 0.003329946111004953,
        "mape": 13218336263.094465
    },
    "ImpulseFactor_1_7": {
        "R2": 0.9997596938734471,
        "mse": 2.0888194121940633e-05,
        "rmse": 0.004570360393004105,
        "mae": 0.0034707104741783087,
        "mape": 18309318098.89743
    },
    "ImpulseFactor_2_1": {
        "R2": 0.9984497537430986,
        "mse": 6.571280772258658e-05,
        "rmse": 0.008106343671630668,
        "mae": 0.0049053424553956995,
        "mape": 31575146894.499226
    },
    "ImpulseFactor_2_2": {
        "R2": 0.9972170406141669,
        "mse": 8.391237813843187e-05,
        "rmse": 0.009160369978250435,
        "mae": 0.005052864235486492,
        "mape": 94312735043.82121
    },
    "ImpulseFactor_2_3": {
        "R2": 0.9996512628792251,
        "mse": 3.663019476717412e-05,
        "rmse": 0.0060522883909455375,
        "mae": 0.004092884447904956,
        "mape": 0.11731340904375667
    },
    "ImpulseFactor_2_4": {
        "R2": 0.9969773050034029,
        "mse": 0.0003138881517943439,
        "rmse": 0.017716888885872258,
        "mae": 0.01156886943588139,
        "mape": 0.03612970783201597
    },
    "ImpulseFactor_2_5": {
        "R2": 0.9997937441394915,
        "mse": 1.8254782410525388e-05,
        "rmse": 0.00427256157480795,
        "mae": 0.003024606551423878,
        "mape": 28701685344.458736
    },
    "ImpulseFactor_2_6": {
        "R2": 0.9976638680504624,
        "mse": 0.0002271793074453884,
        "rmse": 0.015072468525274432,
        "mae": 0.010414314985384195,
        "mape": 102079441501.43738
    },
    "ImpulseFactor_2_7": {
        "R2": 0.30878293322021466,
        "mse": 0.00821317110705396,
        "rmse": 0.09062654747398226,
        "mae": 0.04503472181068512,
        "mape": 13392100107382.1
    },
    "ImpulseFactor_3_1": {
        "R2": 0.9894819151992957,
        "mse": 0.00037714797620789673,
        "rmse": 0.019420298046319905,
        "mae": 0.008344832134460564,
        "mape": 83952408142.24403
    },
    "ImpulseFactor_3_2": {
        "R2": 0.9995569582813814,
        "mse": 1.978713192776311e-05,
        "rmse": 0.004448272915161918,
        "mae": 0.0027657232474142474,
        "mape": 32483167574.170998
    },
    "ImpulseFactor_3_3": {
        "R2": 0.9906712014611941,
        "mse": 0.0007345910751069874,
        "rmse": 0.027103340663227983,
        "mae": 0.018476164849165824,
        "mape": 646049690656.7535
    }
}