{
    "ImpulseFactor_1_1": {
        "R2": 0.9989346170021244,
        "mse": 4.987150505314244e-05,
        "rmse": 0.0070619760020225525,
        "mae": 0.004966515045438432,
        "mape": 0.0583538463608925
    },
    "ImpulseFactor_1_2": {
        "R2": 0.9975931290133296,
        "mse": 0.00023791188918596774,
        "rmse": 0.015424392668301975,
        "mae": 0.012702888577803512,
        "mape": 9884364691.192242
    },
    "ImpulseFactor_1_3": {
        "R2": 0.9985069137922679,
        "mse": 9.713218182747e-05,
        "rmse": 0.009855566032829876,
        "mae": 0.008055581293225773,
        "mape": 0.026663434697412457
    },
    "ImpulseFactor_1_4": {
        "R2": 0.9927795783461371,
        "mse": 0.00030712296583841473,
        "rmse": 0.01752492413217286,
        "mae": 0.007835787652998121,
        "mape": 2677616901.534433
    },
    "ImpulseFactor_1_5": {
        "R2": 0.9988187131128873,
        "mse": 8.794648787603859e-05,
        "rmse": 0.009377978880123296,
        "mae": 0.007584259255002016,
        "mape": 6015193004.177699
    },
    "ImpulseFactor_1_6": {
        "R2": 0.9988828843467937,
        "mse": 0.00010436709770572571,
        "rmse": 0.010216021618307477,
        "mae": 0.006449725334299727,
        "mape": 1613109215.0488276
    },
    "ImpulseFactor_1_7": {
        "R2": 0.9985700950206238,
        "mse": 0.00012429201541211025,
        "rmse": 0.011148632894310865,
        "mae": 0.008941608664122828,
        "mape": 2321293361.427911
    },
    "ImpulseFactor_2_1": {
        "R2": 0.9940656024721205,
        "mse": 0.0002515509532520433,
        "rmse": 0.015860357916895926,
        "mae": 0.009801591871565152,
        "mape": 2282109220.0204244
    },
    "ImpulseFactor_2_2": {
        "R2": 0.9899969269236775,
        "mse": 0.0003016147683648186,
        "rmse": 0.01736705986529725,
        "mae": 0.01053339778834443,
        "mape": 101945331769.77148
    },
    "ImpulseFactor_2_3": {
        "R2": 0.9981047729300767,
        "mse": 0.0001990683886620828,
        "rmse": 0.014109159743304447,
        "mae": 0.0102559796617297,
        "mape": 0.057893874709533
    },
    "ImpulseFactor_2_4": {
        "R2": 0.9902293416238509,
        "mse": 0.0010146223495774286,
        "rmse": 0.03185313720149757,
        "mae": 0.021945533088795755,
        "mape": 0.06219567080589304
    },
    "ImpulseFactor_2_5": {
        "R2": 0.9984728282496672,
        "mse": 0.00013516313154492574,
        "rmse": 0.011625967983136963,
        "mae": 0.00958376265171791,
        "mape": 2487823560.7819347
    },
    "ImpulseFactor_2_6": {
        "R2": 0.99257122978723,
        "mse": 0.0007224176153414915,
        "rmse": 0.026877827578535646,
        "mae": 0.020053717190886642,
        "mape": 96428192186.35342
    },
    "ImpulseFactor_2_7": {
        "R2": 0.07519403311813266,
        "mse": 0.010988718322901497,
        "rmse": 0.10482708773452355,
        "mae": 0.05332192666468831,
        "mape": 14876282997369.328
    },
    "ImpulseFactor_3_1": {
        "R2": 0.9661280777456719,
        "mse": 0.0012145487672466483,
        "rmse": 0.03485037685946378,
        "mae": 0.014802457875019444,
        "mape": 61552785769.11019
    },
    "ImpulseFactor_3_2": {
        "R2": 0.9976591795710101,
        "mse": 0.00010454573621654409,
        "rmse": 0.01022476093688963,
        "mae": 0.006510871744595754,
        "mape": 6558210640.9876175
    },
    "ImpulseFactor_3_3": {
        "R2": 0.9780604148708052,
        "mse": 0.0017276204819318083,
        "rmse": 0.04156465423808802,
        "mae": 0.03051659123913342,
        "mape": 827913690874.9625
    }
}