{
    "ImpulseFactor_1_1": {
        "R2": 0.9993525030379566,
        "mse": 3.0309896139536042e-05,
        "rmse": 0.0055054424108818036,
        "mae": 0.00395416220769681,
        "mape": 0.22503078013528666
    },
    "ImpulseFactor_1_2": {
        "R2": 0.9989205269692917,
        "mse": 0.0001067026315425372,
        "rmse": 0.010329696585211842,
        "mae": 0.007888503147459579,
        "mape": 96189942288.47777
    },
    "ImpulseFactor_1_3": {
        "R2": 0.9993264090227499,
        "mse": 4.3820216770319994e-05,
        "rmse": 0.006619684038556522,
        "mae": 0.005109735310513091,
        "mape": 0.018278627249276955
    },
    "ImpulseFactor_1_4": {
        "R2": 0.9940033557669834,
        "mse": 0.00025506919820071183,
        "rmse": 0.01597088595540998,
        "mae": 0.006963012942793276,
        "mape": 42933379130.7393
    },
    "ImpulseFactor_1_5": {
        "R2": 0.9994573007692118,
        "mse": 4.040381032037846e-05,
        "rmse": 0.006356399163077981,
        "mae": 0.004867981690106201,
        "mape": 25542536464.729744
    },
    "ImpulseFactor_1_6": {
        "R2": 0.999377580385957,
        "mse": 5.814986880394952e-05,
        "rmse": 0.007625606126987514,
        "mae": 0.0046582366036859845,
        "mape": 21396133426.911617
    },
    "ImpulseFactor_1_7": {
        "R2": 0.9992975057254416,
        "mse": 6.106309891893767e-05,
        "rmse": 0.007814288126178716,
        "mae": 0.00595569843990604,
        "mape": 28332234548.574753
    },
    "ImpulseFactor_2_1": {
        "R2": 0.9957234568313889,
        "mse": 0.00018127678599786276,
        "rmse": 0.013463906788070941,
        "mae": 0.0075376264856390806,
        "mape": 48240168738.556206
    },
    "ImpulseFactor_2_2": {
        "R2": 0.9923379545091202,
        "mse": 0.00023102761104510551,
        "rmse": 0.015199592463125631,
        "mae": 0.008359754246456217,
        "mape": 153860877193.8957
    },
    "ImpulseFactor_2_3": {
        "R2": 0.9989938125715554,
        "mse": 0.00010568660254553796,
        "rmse": 0.010280398948753787,
        "mae": 0.007145095392411423,
        "mape": 0.17630474436716176
    },
    "ImpulseFactor_2_4": {
        "R2": 0.9913303401464179,
        "mse": 0.0009002904729686831,
        "rmse": 0.030004840825584845,
        "mae": 0.019651468674410293,
        "mape": 0.05717354811727492
    },
    "ImpulseFactor_2_5": {
        "R2": 0.9993032376938906,
        "mse": 6.166731097251216e-05,
        "rmse": 0.00785285368337601,
        "mae": 0.0058219228523097525,
        "mape": 46971262039.09453
    },
    "ImpulseFactor_2_6": {
        "R2": 0.9939523709286006,
        "mse": 0.0005881072703958607,
        "rmse": 0.02425092308337686,
        "mae": 0.017193586176271175,
        "mape": 171378489391.28122
    },
    "ImpulseFactor_2_7": {
        "R2": 0.06002827320513471,
        "mse": 0.011168920732709232,
        "rmse": 0.10568311470007512,
        "mae": 0.05436082109382986,
        "mape": 15202981962373.748
    },
    "ImpulseFactor_3_1": {
        "R2": 0.968228180931107,
        "mse": 0.0011392451657619386,
        "rmse": 0.03375270605095151,
        "mae": 0.013820885119996285,
        "mape": 148267234456.36414
    },
    "ImpulseFactor_3_2": {
        "R2": 0.998702617601006,
        "mse": 5.794370058354051e-05,
        "rmse": 0.007612075970688976,
        "mae": 0.004378838108418675,
        "mape": 49917600333.737404
    },
    "ImpulseFactor_3_3": {
        "R2": 0.980305544016506,
        "mse": 0.001550829030596044,
        "rmse": 0.03938056666169297,
        "mae": 0.027831343477315567,
        "mape": 915131288306.062
    }
}