{
    "ImpulseFactor_1_1": {
        "R2": 0.9981153415254556,
        "mse": 8.822250291595634e-05,
        "rmse": 0.009392683477896843,
        "mae": 0.008338874779929046,
        "mape": 0.2774827319507579
    },
    "ImpulseFactor_1_2": {
        "R2": 0.9982698507611784,
        "mse": 0.000171019999103132,
        "rmse": 0.013077461493085422,
        "mae": 0.01091358525699241,
        "mape": 112295705980.5873
    },
    "ImpulseFactor_1_3": {
        "R2": 0.9976336890056604,
        "mse": 0.00015393950367517916,
        "rmse": 0.01240723594017536,
        "mae": 0.010450678475410948,
        "mape": 0.029136090861280595
    },
    "ImpulseFactor_1_4": {
        "R2": 0.9943459932524708,
        "mse": 0.00024049500215026518,
        "rmse": 0.01550790128129094,
        "mae": 0.008230737535395724,
        "mape": 49084686627.24279
    },
    "ImpulseFactor_1_5": {
        "R2": 0.9980550390009352,
        "mse": 0.00014480181807630967,
        "rmse": 0.012033362708582736,
        "mae": 0.00998482608340087,
        "mape": 28520229132.73532
    },
    "ImpulseFactor_1_6": {
        "R2": 0.9988274834757327,
        "mse": 0.00010954295224363659,
        "rmse": 0.010466276904593945,
        "mae": 0.00802527443118478,
        "mape": 24406740872.744686
    },
    "ImpulseFactor_1_7": {
        "R2": 0.9983534928766234,
        "mse": 0.00014311978187819124,
        "rmse": 0.011963268026680303,
        "mae": 0.00964316026826101,
        "mape": 32988708766.178753
    },
    "ImpulseFactor_2_1": {
        "R2": 0.9958264529202603,
        "mse": 0.00017691092337825947,
        "rmse": 0.013300786569908542,
        "mae": 0.008346049668064577,
        "mape": 55937685207.930145
    },
    "ImpulseFactor_2_2": {
        "R2": 0.9922897914140851,
        "mse": 0.0002324798348409221,
        "rmse": 0.015247289426023306,
        "mae": 0.00989518770978244,
        "mape": 162377376736.03058
    },
    "ImpulseFactor_2_3": {
        "R2": 0.99810526576433,
        "mse": 0.00019901662298068786,
        "rmse": 0.014107325153291387,
        "mae": 0.01196590022060903,
        "mape": 0.2138749192628928
    },
    "ImpulseFactor_2_4": {
        "R2": 0.9909328927474764,
        "mse": 0.0009415629234241957,
        "rmse": 0.03068489731813023,
        "mae": 0.02076547024330458,
        "mape": 0.060041388585702446
    },
    "ImpulseFactor_2_5": {
        "R2": 0.9977887855556052,
        "mse": 0.00019570468662521949,
        "rmse": 0.013989449118003879,
        "mae": 0.012469024861372047,
        "mape": 53897811351.4438
    },
    "ImpulseFactor_2_6": {
        "R2": 0.9938692390517194,
        "mse": 0.0005961915064854522,
        "rmse": 0.024417033122094343,
        "mae": 0.017496772531450922,
        "mape": 183210286915.67874
    },
    "ImpulseFactor_2_7": {
        "R2": 0.05256300106795364,
        "mse": 0.011257624499398669,
        "rmse": 0.10610195332508572,
        "mae": 0.05571721772206715,
        "mape": 15415979802624.32
    },
    "ImpulseFactor_3_1": {
        "R2": 0.9697697828979528,
        "mse": 0.0010839677960762435,
        "rmse": 0.0329236662004134,
        "mae": 0.014114527045776605,
        "mape": 161608543064.01233
    },
    "ImpulseFactor_3_2": {
        "R2": 0.9980348033499181,
        "mse": 8.776962472160234e-05,
        "rmse": 0.009368544429184415,
        "mae": 0.007081544396152798,
        "mape": 58487439904.5403
    },
    "ImpulseFactor_3_3": {
        "R2": 0.9803146130670115,
        "mse": 0.0015501148932359858,
        "rmse": 0.03937149848857655,
        "mae": 0.02850028353293161,
        "mape": 935178845685.775
    }
}