{
    "ImpulseFactor_1_1": {
        "R2": 0.9997161069495326,
        "mse": 1.3289280689825393e-05,
        "rmse": 0.003645446569328015,
        "mae": 0.0023647847891544453,
        "mape": 0.029413918877155474
    },
    "ImpulseFactor_1_2": {
        "R2": 0.9991963134714474,
        "mse": 7.944197315942249e-05,
        "rmse": 0.008913022672439607,
        "mae": 0.006767244730739855,
        "mape": 14273037102.554369
    },
    "ImpulseFactor_1_3": {
        "R2": 0.999528647180848,
        "mse": 3.066368672998525e-05,
        "rmse": 0.005537480178744232,
        "mae": 0.0043712427267045785,
        "mape": 0.015750991002685972
    },
    "ImpulseFactor_1_4": {
        "R2": 0.9959426833551301,
        "mse": 0.00017257927321340732,
        "rmse": 0.013136943069580811,
        "mae": 0.005275221753072621,
        "mape": 10754286555.825178
    },
    "ImpulseFactor_1_5": {
        "R2": 0.9996169664707768,
        "mse": 2.8516742208390433e-05,
        "rmse": 0.005340106947280217,
        "mae": 0.004017888119318157,
        "mape": 8420186814.349131
    },
    "ImpulseFactor_1_6": {
        "R2": 0.9996084956612562,
        "mse": 3.6576491840047114e-05,
        "rmse": 0.006047850183333505,
        "mae": 0.003310850338219704,
        "mape": 5242500776.496104
    },
    "ImpulseFactor_1_7": {
        "R2": 0.9995250227417948,
        "mse": 4.1286576065350896e-05,
        "rmse": 0.006425463101236431,
        "mae": 0.004800952172784307,
        "mape": 4551529645.409825
    },
    "ImpulseFactor_2_1": {
        "R2": 0.9970731831991398,
        "mse": 0.00012406374072374592,
        "rmse": 0.011138390400939712,
        "mae": 0.00612016507061064,
        "mape": 9084779041.467924
    },
    "ImpulseFactor_2_2": {
        "R2": 0.994555379081116,
        "mse": 0.00016416735784631094,
        "rmse": 0.012812781034822649,
        "mae": 0.00706134755138368,
        "mape": 96258389851.96141
    },
    "ImpulseFactor_2_3": {
        "R2": 0.9993176734984452,
        "mse": 7.16693209808633e-05,
        "rmse": 0.008465773501627792,
        "mae": 0.0053264771907786,
        "mape": 0.04447540133466685
    },
    "ImpulseFactor_2_4": {
        "R2": 0.9937032869938676,
        "mse": 0.000653874641701968,
        "rmse": 0.02557097263895075,
        "mae": 0.01670543323999472,
        "mape": 0.048162141201217576
    },
    "ImpulseFactor_2_5": {
        "R2": 0.9994861111257628,
        "mse": 4.5482002592614135e-05,
        "rmse": 0.00674403459307662,
        "mae": 0.004978401803360881,
        "mape": 9832902391.24087
    },
    "ImpulseFactor_2_6": {
        "R2": 0.9955345075109499,
        "mse": 0.00043425093829387,
        "rmse": 0.02083868849745276,
        "mae": 0.014653563356639926,
        "mape": 93634117603.11314
    },
    "ImpulseFactor_2_7": {
        "R2": 0.17246713316383944,
        "mse": 0.009832901064929341,
        "rmse": 0.09916098559881976,
        "mae": 0.05083229413905812,
        "mape": 14579718759343.584
    },
    "ImpulseFactor_3_1": {
        "R2": 0.9772802329240726,
        "mse": 0.0008146648686486239,
        "rmse": 0.02854233467410513,
        "mae": 0.01159771853289766,
        "mape": 64516672003.19505
    },
    "ImpulseFactor_3_2": {
        "R2": 0.9991990717811794,
        "mse": 3.577106097341169e-05,
        "rmse": 0.005980891319311169,
        "mae": 0.003384756580659244,
        "mape": 6575756082.286033
    },
    "ImpulseFactor_3_3": {
        "R2": 0.9844465000931516,
        "mse": 0.0012247517373990488,
        "rmse": 0.03499645321170488,
        "mae": 0.024374342416580805,
        "mape": 766306975649.1533
    }
}