{
    "ImpulseFactor_1_1": {
        "R2": 0.9997352834576807,
        "mse": 1.2391611659141929e-05,
        "rmse": 0.0035201721064660927,
        "mae": 0.0022675319403695294,
        "mape": 0.09088618262382762
    },
    "ImpulseFactor_1_2": {
        "R2": 0.9993784856743966,
        "mse": 6.143480401706633e-05,
        "rmse": 0.007838035724406105,
        "mae": 0.005825318519215472,
        "mape": 39148751035.24913
    },
    "ImpulseFactor_1_3": {
        "R2": 0.9996963191752198,
        "mse": 1.9755845936632758e-05,
        "rmse": 0.004444754879251808,
        "mae": 0.0031168099509784686,
        "mape": 0.011383240500157597
    },
    "ImpulseFactor_1_4": {
        "R2": 0.9966449597430036,
        "mse": 0.0001427077203565725,
        "rmse": 0.011946033666308349,
        "mae": 0.004877078916041606,
        "mape": 19497984406.969105
    },
    "ImpulseFactor_1_5": {
        "R2": 0.9997571409274177,
        "mse": 1.8080791986646766e-05,
        "rmse": 0.0042521514538697664,
        "mae": 0.0031072045082878672,
        "mape": 12036364033.730593
    },
    "ImpulseFactor_1_6": {
        "R2": 0.9996839909932377,
        "mse": 2.95233020770941e-05,
        "rmse": 0.00543353495222899,
        "mae": 0.0032406447047100932,
        "mape": 9467035748.06518
    },
    "ImpulseFactor_1_7": {
        "R2": 0.9996440282087664,
        "mse": 3.094223182689008e-05,
        "rmse": 0.005562574208663654,
        "mae": 0.004132920071661978,
        "mape": 11687853137.793652
    },
    "ImpulseFactor_2_1": {
        "R2": 0.9974703968581217,
        "mse": 0.00010722639976500318,
        "rmse": 0.010355018095831758,
        "mae": 0.00582107931031774,
        "mape": 20749752548.714054
    },
    "ImpulseFactor_2_2": {
        "R2": 0.9953932190224632,
        "mse": 0.00013890463129136792,
        "rmse": 0.011785780894423921,
        "mae": 0.006251038535537392,
        "mape": 97314061438.86177
    },
    "ImpulseFactor_2_3": {
        "R2": 0.9994944315508556,
        "mse": 5.310323925123642e-05,
        "rmse": 0.007287196940610047,
        "mae": 0.00457469369564794,
        "mape": 0.07913520827201012
    },
    "ImpulseFactor_2_4": {
        "R2": 0.9950259972339434,
        "mse": 0.0005165193765878123,
        "rmse": 0.022727062647597298,
        "mae": 0.014856316368325346,
        "mape": 0.04274787107222792
    },
    "ImpulseFactor_2_5": {
        "R2": 0.9996966414788309,
        "mse": 2.6848903990745956e-05,
        "rmse": 0.005181592804413133,
        "mae": 0.003504632776315604,
        "mape": 19802187990.70927
    },
    "ImpulseFactor_2_6": {
        "R2": 0.9963962101039554,
        "mse": 0.0003504538743730444,
        "rmse": 0.018720413306683278,
        "mae": 0.013106927675063858,
        "mape": 100187016077.92642
    },
    "ImpulseFactor_2_7": {
        "R2": 0.25197367527643144,
        "mse": 0.008888189387679987,
        "rmse": 0.0942771944198595,
        "mae": 0.0480576333391332,
        "mape": 14131486861796.307
    },
    "ImpulseFactor_3_1": {
        "R2": 0.9820284008714627,
        "mse": 0.0006444093548374511,
        "rmse": 0.02538521921980291,
        "mae": 0.010225005717914428,
        "mape": 76412444883.0445
    },
    "ImpulseFactor_3_2": {
        "R2": 0.999274743554683,
        "mse": 3.23914077656005e-05,
        "rmse": 0.005691344987399771,
        "mae": 0.0031166050938410453,
        "mape": 19962082244.466766
    },
    "ImpulseFactor_3_3": {
        "R2": 0.9871972567314178,
        "mse": 0.0010081449291529446,
        "rmse": 0.03175129807036154,
        "mae": 0.02203572998292271,
        "mape": 715791994013.4296
    }
}