{
    "ImpulseFactor_1_1": {
        "R2": 0.9997943194170984,
        "mse": 9.628087035331855e-06,
        "rmse": 0.0031029158924037654,
        "mae": 0.0028583648157182212,
        "mape": 0.02950643195485892
    },
    "ImpulseFactor_1_2": {
        "R2": 0.999759368861496,
        "mse": 2.3785657426394902e-05,
        "rmse": 0.004877054175052283,
        "mae": 0.004159902270063078,
        "mape": 8423510428.019766
    },
    "ImpulseFactor_1_3": {
        "R2": 0.9997784957541055,
        "mse": 1.4409878395747609e-05,
        "rmse": 0.003796034561980121,
        "mae": 0.003437959514921651,
        "mape": 0.009812736702922072
    },
    "ImpulseFactor_1_4": {
        "R2": 0.9994960560947996,
        "mse": 2.1435416683527818e-05,
        "rmse": 0.004629839811864749,
        "mae": 0.003136181742634004,
        "mape": 3758154018.5580564
    },
    "ImpulseFactor_1_5": {
        "R2": 0.9998120836009752,
        "mse": 1.3990324864218791e-05,
        "rmse": 0.0037403642689207146,
        "mae": 0.00339223970644157,
        "mape": 1140516240.2493987
    },
    "ImpulseFactor_1_6": {
        "R2": 0.9998664457867504,
        "mse": 1.2477370255460532e-05,
        "rmse": 0.003532332127003424,
        "mae": 0.0030306361974954854,
        "mape": 1474423045.5018702
    },
    "ImpulseFactor_1_7": {
        "R2": 0.999825591775053,
        "mse": 1.5160133082806653e-05,
        "rmse": 0.003893601556760354,
        "mae": 0.0032840518430655276,
        "mape": 2520671495.772924
    },
    "ImpulseFactor_2_1": {
        "R2": 0.9994764262102328,
        "mse": 2.2193573196770775e-05,
        "rmse": 0.0047110055398790155,
        "mae": 0.00342142529513807,
        "mape": 4975964689.586548
    },
    "ImpulseFactor_2_2": {
        "R2": 0.9992105772637588,
        "mse": 2.3802840778689828e-05,
        "rmse": 0.004878815509802541,
        "mae": 0.0038176148986866394,
        "mape": 17960322297.18976
    },
    "ImpulseFactor_2_3": {
        "R2": 0.9997979774152624,
        "mse": 2.121978471882023e-05,
        "rmse": 0.004606493755430504,
        "mae": 0.0038068174330445387,
        "mape": 0.028782858829447144
    },
    "ImpulseFactor_2_4": {
        "R2": 0.9988941474266917,
        "mse": 0.0001148359397106045,
        "rmse": 0.010716153214218455,
        "mae": 0.0070415417544662075,
        "mape": 0.021340831293245276
    },
    "ImpulseFactor_2_5": {
        "R2": 0.9997872006663097,
        "mse": 1.8833915914169165e-05,
        "rmse": 0.004339805976558073,
        "mae": 0.003855017762458045,
        "mape": 2639458687.9703145
    },
    "ImpulseFactor_2_6": {
        "R2": 0.9989476818501568,
        "mse": 0.00010233364966431666,
        "rmse": 0.010116009572174033,
        "mae": 0.007051985107369823,
        "mape": 17998207588.637115
    },
    "ImpulseFactor_2_7": {
        "R2": 0.1594147237350515,
        "mse": 0.009987992247063177,
        "rmse": 0.09993994320122049,
        "mae": 0.05024178851270888,
        "mape": 11681895376883.75
    },
    "ImpulseFactor_3_1": {
        "R2": 0.9969143636589947,
        "mse": 0.00011064195843389552,
        "rmse": 0.010518648127677601,
        "mae": 0.005337851264049532,
        "mape": 4753591598.186268
    },
    "ImpulseFactor_3_2": {
        "R2": 0.9997381842779751,
        "mse": 1.1693215367215813e-05,
        "rmse": 0.003419534378715297,
        "mae": 0.0030062906145462928,
        "mape": 4393389075.576428
    },
    "ImpulseFactor_3_3": {
        "R2": 0.993725096479567,
        "mse": 0.0004941138029825589,
        "rmse": 0.02222867074259185,
        "mae": 0.014802415141679204,
        "mape": 278149658582.519
    }
}