{
    "ImpulseFactor_1_1": {
        "R2": 0.9998373955571288,
        "mse": 7.611655442675302e-06,
        "rmse": 0.002758922877261215,
        "mae": 0.0015145998885820414,
        "mape": 0.03726537568790132
    },
    "ImpulseFactor_1_2": {
        "R2": 0.9995258161233445,
        "mse": 4.6871636469683244e-05,
        "rmse": 0.0068462863268843235,
        "mae": 0.005165538078987731,
        "mape": 16711513318.938555
    },
    "ImpulseFactor_1_3": {
        "R2": 0.9997748510233389,
        "mse": 1.4646985034133576e-05,
        "rmse": 0.0038271379690486174,
        "mae": 0.002671713388559358,
        "mape": 0.010110554746105936
    },
    "ImpulseFactor_1_4": {
        "R2": 0.9977899452753446,
        "mse": 9.400539113089721e-05,
        "rmse": 0.009695637737193835,
        "mae": 0.0038372754319236624,
        "mape": 9869632359.616493
    },
    "ImpulseFactor_1_5": {
        "R2": 0.9998265686813744,
        "mse": 1.2911914563029745e-05,
        "rmse": 0.0035933152607348197,
        "mae": 0.002562218509342194,
        "mape": 5984924567.181368
    },
    "ImpulseFactor_1_6": {
        "R2": 0.9997871627007995,
        "mse": 1.9884432858253775e-05,
        "rmse": 0.004459196436383328,
        "mae": 0.0025023756180504873,
        "mape": 4457311533.234144
    },
    "ImpulseFactor_1_7": {
        "R2": 0.9997406152899595,
        "mse": 2.254656696984774e-05,
        "rmse": 0.004748322542735249,
        "mae": 0.0035236070213125483,
        "mape": 5101269635.979487
    },
    "ImpulseFactor_2_1": {
        "R2": 0.9982198118746496,
        "mse": 7.545972742744201e-05,
        "rmse": 0.008686755863234676,
        "mae": 0.004750577447577518,
        "mape": 9889223375.711464
    },
    "ImpulseFactor_2_2": {
        "R2": 0.9967350491532163,
        "mse": 9.844548628822263e-05,
        "rmse": 0.009921969879425287,
        "mae": 0.005235163667385139,
        "mape": 68667264330.21677
    },
    "ImpulseFactor_2_3": {
        "R2": 0.9996309428186422,
        "mse": 3.876454678332636e-05,
        "rmse": 0.006226118115112045,
        "mae": 0.003824188396192965,
        "mape": 0.0424263705671955
    },
    "ImpulseFactor_2_4": {
        "R2": 0.9964431623146027,
        "mse": 0.00036935556136450726,
        "rmse": 0.01921862537655873,
        "mae": 0.012547535048145068,
        "mape": 0.03593537178729069
    },
    "ImpulseFactor_2_5": {
        "R2": 0.9997753686863433,
        "mse": 1.9881111466524556e-05,
        "rmse": 0.004458824000397925,
        "mae": 0.0030637273251736194,
        "mape": 8427918825.236846
    },
    "ImpulseFactor_2_6": {
        "R2": 0.9972742355798612,
        "mse": 0.0002650694766402193,
        "rmse": 0.016280954414290928,
        "mae": 0.011305164397845121,
        "mape": 65659104678.37047
    },
    "ImpulseFactor_2_7": {
        "R2": 0.25356648657805714,
        "mse": 0.008869263304412907,
        "rmse": 0.09417676626648903,
        "mae": 0.04707329323835693,
        "mape": 13463286749990.98
    },
    "ImpulseFactor_3_1": {
        "R2": 0.9876978313260452,
        "mse": 0.00044112004288457364,
        "rmse": 0.021002857969442484,
        "mae": 0.008580128667354194,
        "mape": 42091036639.66914
    },
    "ImpulseFactor_3_2": {
        "R2": 0.9995051558056062,
        "mse": 2.2100734415459943e-05,
        "rmse": 0.004701141820394269,
        "mae": 0.002439510981311791,
        "mape": 8276898242.745379
    },
    "ImpulseFactor_3_3": {
        "R2": 0.9889653144419838,
        "mse": 0.0008689202037981094,
        "rmse": 0.029477452464521242,
        "mae": 0.02028075671917263,
        "mape": 612089493177.612
    }
}