{
    "ImpulseFactor_1_1": {
        "R2": 0.999445449216699,
        "mse": 2.595900464599994e-05,
        "rmse": 0.005094998002551124,
        "mae": 0.0034748487518654813,
        "mape": 0.02776614818531166
    },
    "ImpulseFactor_1_2": {
        "R2": 0.998755684413943,
        "mse": 0.00012299681763662027,
        "rmse": 0.011090393033460098,
        "mae": 0.008943280785816207,
        "mape": 12035303184.951986
    },
    "ImpulseFactor_1_3": {
        "R2": 0.9992358299675974,
        "mse": 4.971280435787884e-05,
        "rmse": 0.007050730767649467,
        "mae": 0.005755982467970253,
        "mape": 0.01832152853435774
    },
    "ImpulseFactor_1_4": {
        "R2": 0.9957265314260093,
        "mse": 0.00018177336529357955,
        "rmse": 0.013482335305635279,
        "mae": 0.005894224991875944,
        "mape": 9293809823.89566
    },
    "ImpulseFactor_1_5": {
        "R2": 0.9994093222743993,
        "mse": 4.3975796226915284e-05,
        "rmse": 0.006631424901702144,
        "mae": 0.005359794974487951,
        "mape": 7228818064.836796
    },
    "ImpulseFactor_1_6": {
        "R2": 0.999433754077461,
        "mse": 5.2901813123357736e-05,
        "rmse": 0.007273363260786425,
        "mae": 0.004448765283561315,
        "mape": 4487047229.630033
    },
    "ImpulseFactor_1_7": {
        "R2": 0.9992586905110604,
        "mse": 6.443704424654219e-05,
        "rmse": 0.008027268791222964,
        "mae": 0.006430794993591481,
        "mape": 3859901540.792465
    },
    "ImpulseFactor_2_1": {
        "R2": 0.9964726618091876,
        "mse": 0.00014951901691328813,
        "rmse": 0.012227796895323708,
        "mae": 0.007495246103479777,
        "mape": 7830533838.58113
    },
    "ImpulseFactor_2_2": {
        "R2": 0.993819371840121,
        "mse": 0.00018635960335064382,
        "rmse": 0.01365135902943893,
        "mae": 0.008109764990065204,
        "mape": 85424475904.61055
    },
    "ImpulseFactor_2_3": {
        "R2": 0.9990324450298755,
        "mse": 0.00010162877678423479,
        "rmse": 0.010081109898430569,
        "mae": 0.007016533956047277,
        "mape": 0.04149577052296984
    },
    "ImpulseFactor_2_4": {
        "R2": 0.9939880393942211,
        "mse": 0.0006243048687786123,
        "rmse": 0.02498609350776172,
        "mae": 0.016965506697189187,
        "mape": 0.04750487139384452
    },
    "ImpulseFactor_2_5": {
        "R2": 0.9992696424203072,
        "mse": 6.464067816689974e-05,
        "rmse": 0.008039942671866494,
        "mae": 0.006513390238388387,
        "mape": 8299804387.727431
    },
    "ImpulseFactor_2_6": {
        "R2": 0.9954514263694177,
        "mse": 0.00044233024057762174,
        "rmse": 0.021031648546360356,
        "mae": 0.015403897862593689,
        "mape": 82601917739.14919
    },
    "ImpulseFactor_2_7": {
        "R2": 0.23497273554804166,
        "mse": 0.009090197748990404,
        "rmse": 0.09534252854309248,
        "mae": 0.04819632567750574,
        "mape": 14125895269903.758
    },
    "ImpulseFactor_3_1": {
        "R2": 0.9790130099168873,
        "mse": 0.0007525325177080861,
        "rmse": 0.02743232614467986,
        "mae": 0.011514277008921677,
        "mape": 55763624666.1215
    },
    "ImpulseFactor_3_2": {
        "R2": 0.9987195875286577,
        "mse": 5.718578957168935e-05,
        "rmse": 0.007562128640250003,
        "mae": 0.004728849749483716,
        "mape": 5504917015.685941
    },
    "ImpulseFactor_3_3": {
        "R2": 0.9852127529934193,
        "mse": 0.0011644135770807632,
        "rmse": 0.03412350475963399,
        "mae": 0.024454102166673358,
        "mape": 698687987023.5204
    }
}