{
    "ImpulseFactor_1_1": {
        "R2": 0.9998025824592321,
        "mse": 9.241286843899384e-06,
        "rmse": 0.003039948493626065,
        "mae": 0.0020954775993420388,
        "mape": 0.08406456972414897
    },
    "ImpulseFactor_1_2": {
        "R2": 0.9994346648613703,
        "mse": 5.588166195839829e-05,
        "rmse": 0.007475403799019708,
        "mae": 0.006064325685816222,
        "mape": 34600309583.79541
    },
    "ImpulseFactor_1_3": {
        "R2": 0.9996423547856632,
        "mse": 2.326647973089731e-05,
        "rmse": 0.004823533946278114,
        "mae": 0.003747851412150068,
        "mape": 0.00976063136252196
    },
    "ImpulseFactor_1_4": {
        "R2": 0.998986872130059,
        "mse": 4.3093720991124865e-05,
        "rmse": 0.006564580793251376,
        "mae": 0.0031121066575526437,
        "mape": 15320523623.713194
    },
    "ImpulseFactor_1_5": {
        "R2": 0.9996976923584926,
        "mse": 2.250672179528721e-05,
        "rmse": 0.004744124976777826,
        "mae": 0.003588247489250971,
        "mape": 7718804151.200401
    },
    "ImpulseFactor_1_6": {
        "R2": 0.9997319010298045,
        "mse": 2.5047282559240636e-05,
        "rmse": 0.005004726022395296,
        "mae": 0.003344802307125637,
        "mape": 7119739660.92781
    },
    "ImpulseFactor_1_7": {
        "R2": 0.9996651444071053,
        "mse": 2.9106742834792832e-05,
        "rmse": 0.005395066527374137,
        "mae": 0.004138343060583514,
        "mape": 10183607390.087751
    },
    "ImpulseFactor_2_1": {
        "R2": 0.9990169928930437,
        "mse": 4.1668319934198994e-05,
        "rmse": 0.006455100303961124,
        "mae": 0.003731146720108104,
        "mape": 17986971455.770233
    },
    "ImpulseFactor_2_2": {
        "R2": 0.9983760599339241,
        "mse": 4.89653832507959e-05,
        "rmse": 0.00699752693819723,
        "mae": 0.004018258223111578,
        "mape": 56067975843.85958
    },
    "ImpulseFactor_2_3": {
        "R2": 0.9995316702450026,
        "mse": 4.919180987300693e-05,
        "rmse": 0.007013687323584288,
        "mae": 0.005481981336224507,
        "mape": 0.07020040650107617
    },
    "ImpulseFactor_2_4": {
        "R2": 0.998072929234267,
        "mse": 0.00020011436208873098,
        "rmse": 0.01414617835631698,
        "mae": 0.009560786137982957,
        "mape": 0.027577914677874595
    },
    "ImpulseFactor_2_5": {
        "R2": 0.9995669301764886,
        "mse": 3.8329070394770625e-05,
        "rmse": 0.006191047600751477,
        "mae": 0.005099814412757384,
        "mape": 15055233455.280272
    },
    "ImpulseFactor_2_6": {
        "R2": 0.9982416164532429,
        "mse": 0.00017099563081387302,
        "rmse": 0.013076529769547922,
        "mae": 0.009282913574128478,
        "mape": 58978981456.721306
    },
    "ImpulseFactor_2_7": {
        "R2": 0.2631886743387688,
        "mse": 0.008754930660875761,
        "rmse": 0.09356778644851957,
        "mae": 0.04507751040558732,
        "mape": 12217519284174.484
    },
    "ImpulseFactor_3_1": {
        "R2": 0.9945200863305184,
        "mse": 0.00019649379039999868,
        "rmse": 0.01401762427802938,
        "mae": 0.006294920424630089,
        "mape": 42471360345.8322
    },
    "ImpulseFactor_3_2": {
        "R2": 0.9996350327453138,
        "mse": 1.630016974542509e-05,
        "rmse": 0.0040373468695945715,
        "mae": 0.002246953875424607,
        "mape": 18045598535.824696
    },
    "ImpulseFactor_3_3": {
        "R2": 0.9920461988631901,
        "mse": 0.0006263176660929684,
        "rmse": 0.025026339446530498,
        "mae": 0.01730609269119393,
        "mape": 475814732607.15704
    }
}