{
    "ImpulseFactor_1_1": {
        "R2": 0.9996139457794738,
        "mse": 1.8071533944270983e-05,
        "rmse": 0.0042510626841145245,
        "mae": 0.003278247099345024,
        "mape": 0.06575579402261911
    },
    "ImpulseFactor_1_2": {
        "R2": 0.9989585305612415,
        "mse": 0.00010294609186645818,
        "rmse": 0.010146235354379385,
        "mae": 0.008315412642783692,
        "mape": 28413284480.00804
    },
    "ImpulseFactor_1_3": {
        "R2": 0.9992362641567083,
        "mse": 4.9684558342709436e-05,
        "rmse": 0.007048727427182118,
        "mae": 0.005665099152146415,
        "mape": 0.015425569449602784
    },
    "ImpulseFactor_1_4": {
        "R2": 0.9967688972979168,
        "mse": 0.00013743599645062252,
        "rmse": 0.011723309961381321,
        "mae": 0.004874443477840704,
        "mape": 15488880494.960733
    },
    "ImpulseFactor_1_5": {
        "R2": 0.9993348344274193,
        "mse": 4.952139620165195e-05,
        "rmse": 0.007037144037296093,
        "mae": 0.005367198716771678,
        "mape": 10054518842.05815
    },
    "ImpulseFactor_1_6": {
        "R2": 0.9994477904739438,
        "mse": 5.15904556475676e-05,
        "rmse": 0.007182649625839172,
        "mae": 0.004457710138688011,
        "mape": 7462846521.204456
    },
    "ImpulseFactor_1_7": {
        "R2": 0.9993373661116174,
        "mse": 5.759830384209136e-05,
        "rmse": 0.007589354639367656,
        "mae": 0.005621369349508086,
        "mape": 8585309635.5937
    },
    "ImpulseFactor_2_1": {
        "R2": 0.997775423506028,
        "mse": 9.42967394772287e-05,
        "rmse": 0.009710650826655683,
        "mae": 0.005457706947823637,
        "mape": 15678190170.075806
    },
    "ImpulseFactor_2_2": {
        "R2": 0.9958108678383075,
        "mse": 0.00012631159614231313,
        "rmse": 0.011238843185235442,
        "mae": 0.006460644309779797,
        "mape": 93063548422.17665
    },
    "ImpulseFactor_2_3": {
        "R2": 0.9990708615228439,
        "mse": 9.759363530983454e-05,
        "rmse": 0.009878949099465718,
        "mae": 0.007264469023092832,
        "mape": 0.0649649084762149
    },
    "ImpulseFactor_2_4": {
        "R2": 0.9946575041511108,
        "mse": 0.000554785100668328,
        "rmse": 0.023553876552880378,
        "mae": 0.015615854482473115,
        "mape": 0.04380404177957673
    },
    "ImpulseFactor_2_5": {
        "R2": 0.9990473870362991,
        "mse": 8.431150674181714e-05,
        "rmse": 0.00918212974978121,
        "mae": 0.007465414823128187,
        "mape": 15124512004.364647
    },
    "ImpulseFactor_2_6": {
        "R2": 0.9961202368565456,
        "mse": 0.0003772911475127006,
        "rmse": 0.01942398382188115,
        "mae": 0.013910853448947618,
        "mape": 93136064417.86105
    },
    "ImpulseFactor_2_7": {
        "R2": 0.2257852255133581,
        "mse": 0.009199365470085855,
        "rmse": 0.09591332269338736,
        "mae": 0.04926266248434291,
        "mape": 14280763005437.137
    },
    "ImpulseFactor_3_1": {
        "R2": 0.9818524997124978,
        "mse": 0.0006507166595771718,
        "rmse": 0.025509148546691476,
        "mae": 0.010453314754593318,
        "mape": 67789466650.51081
    },
    "ImpulseFactor_3_2": {
        "R2": 0.999252674837955,
        "mse": 3.337704092614012e-05,
        "rmse": 0.005777286640468873,
        "mae": 0.00363224237564831,
        "mape": 14242270952.741806
    },
    "ImpulseFactor_3_3": {
        "R2": 0.9866283071931549,
        "mse": 0.0010529465454871012,
        "rmse": 0.03244913782347847,
        "mae": 0.022620869693919816,
        "mape": 718552988841.3036
    }
}